{"train_loss":0.00630236110956102,"val_loss":0.3140527705351512,"lr":1e-07,"_timestamp":1.7391601972742453e+09,"_runtime":65528.802471783,"_step":79,"epoch":80,"_wandb":{"runtime":65528}}