{"_timestamp":1.7363317323387809e+09,"_runtime":6462.995407819,"_step":12,"epoch":13,"train_loss":1.0000108404669807,"lr_query":0.0005,"lr_common":0.0005,"_wandb":{"runtime":6897}}