{"lr":1e-06,"_timestamp":1.7396048107763019e+09,"_runtime":47504.542229672,"_wandb":{"runtime":47505},"_step":119,"epoch":120,"train_loss":0,"val_loss":1.1870112493634224}