{"_timestamp":1.7370046071012893e+09,"_runtime":329.684589456,"_step":0,"_wandb":{"runtime":482},"epoch":1,"train_loss":0.48798028579417696,"val_loss":1.4157546427514818,"lr":0.001}