{"train_loss":0.29572837918050704,"val_loss":0.25963901231686276,"lr":0.0009996149036022412,"_timestamp":1.7447218951256561e+09,"_runtime":352.665169605,"_wandb":{"runtime":428},"_step":0,"epoch":1}