{"epoch":2,"train_loss":0.3546872837644703,"val_loss":0.4178747151579176,"lr":4.98657864365227e-05,"_timestamp":1.7375647617483733e+09,"_runtime":2572.89104321,"_wandb":{"runtime":2994},"_step":1}