{"lr":0.0004998076445420604,"_timestamp":1.744794642807793e+09,"_runtime":366.228812288,"_step":0,"epoch":1,"_wandb":{"runtime":490},"train_loss":0.3836820121797813,"val_loss":0.40437496453523636}