{"train_loss":0.00975838783035519,"val_loss":0.5882158343791961,"lr":4.412994615720077e-05,"_timestamp":1.7375612961553013e+09,"_wandb":{"runtime":23221},"_runtime":22822.756268487,"_step":17,"epoch":18}