{"epoch":5,"train_loss":0.14651681402770494,"val_loss":0.6135459691286087,"lr":4.952923936987914e-05,"_timestamp":1.7393614785141733e+09,"_runtime":3622.091240349,"_step":4,"_wandb":{"runtime":3878}}