{"_runtime":3514.261204847,"_step":4,"_wandb":{"runtime":3772},"epoch":5,"train_loss":0.07064957552405034,"val_loss":0,"lr":9.904887137995992e-05,"_timestamp":1.7418476738612857e+09}