{"_timestamp":1.7397401799227066e+09,"_runtime":16265.804839442,"_step":79,"_wandb":{"runtime":16266},"epoch":80,"train_loss":0.00018678865735493008,"val_loss":1.0454299847284954,"lr":1e-06}