{"_step":39,"epoch":40,"train_loss":0.24727946388103614,"val_loss":0.42500974237918854,"lr":1.2575000000000245e-05,"_timestamp":1.7379190151737306e+09,"_wandb":{"runtime":10078},"_runtime":10078.29491894}