{"epoch":20,"train_loss":0.011636549759154709,"val_loss":0.02842515194788575,"lr":1e-05,"_timestamp":1.7461621399405549e+09,"_runtime":7634.795869962,"_step":19,"_wandb":{"runtime":7635}}