{"_step":5,"epoch":6,"train_loss":0.3000174818201835,"val_loss":0.3979130633175373,"_wandb":{"runtime":4789},"lr":0.0001,"_timestamp":1.7373554749603846e+09,"_runtime":4654.868174091}