{"train_loss":0.1431341739371419,"val_loss":0.526005874077479,"_wandb":{"runtime":4767},"lr":4.880088464923127e-05,"_timestamp":1.7395252478724272e+09,"_runtime":4441.725673347,"_step":7,"epoch":8}