{"val_loss":1.049774144069258,"lr":2.819387221500222e-06,"_timestamp":1.7385508752524488e+09,"_runtime":45146.162799239,"_wandb":{"runtime":45672},"_step":33,"epoch":34,"train_loss":2.1540045738220215e-05}