{"_runtime":2045.305817027,"_step":2,"epoch":3,"_wandb":{"runtime":2498},"train_loss":0.06787299595711645,"val_loss":0.5866695727620806,"lr":0.0009965376942489858,"_timestamp":1.7393765929062612e+09}