{"_step":1,"train":{"loss":0.20091227709308146,"active_triplets":16.129065040650406},"val":{"active_triplets":136.21951219512195,"loss":0.20006904036291245},"_timestamp":1.7359067758473191e+09,"_runtime":478.617855223,"_wandb":{"runtime":711}}