{"_step":7,"_wandb":{"runtime":3676},"epoch":8,"train_loss":0.06118617188339391,"lr":0.001,"_timestamp":1.7367391613386722e+09,"_runtime":3455.36945942}