{"lr":0.000999062696003429,"_timestamp":1.7449599935160892e+09,"_runtime":649.827822588,"_step":0,"epoch":1,"_wandb":{"runtime":688},"train_loss":0.6260388162692738,"val_loss":0.5591214547554652}