{"lr":0.0004728061277849977,"_timestamp":1.7447739113766663e+09,"_runtime":4148.004766057,"_step":11,"_wandb":{"runtime":4326},"epoch":12,"train_loss":NaN,"val_loss":NaN}