{"lr":1e-05,"_timestamp":1.746003815192895e+09,"_runtime":12949.105227259,"_step":19,"epoch":20,"train_loss":0.02204256084632505,"_wandb":{"runtime":12949},"val_loss":0.09770731534808874}