{"_runtime":479.688411532,"_wandb":{"runtime":524},"_step":1,"epoch":2,"train_loss":0.28424606961433335,"val_loss":0.32364022731781006,"lr":0.0009984602081996976,"_timestamp":1.7399286545036378e+09}