{"_runtime":14538.403669189,"_step":19,"epoch":20,"train_loss":0.011194171967361582,"val_loss":0.15759573504328728,"lr":1e-05,"_wandb":{"runtime":14539},"_timestamp":1.7463476157847655e+09}