{"_step":18,"epoch":19,"train_loss":0.054658689848812565,"val_loss":0.19951537003119788,"lr":0.0008672940934631253,"_timestamp":1.7443636979254842e+09,"_wandb":{"runtime":6750},"_runtime":6495.150490721}