{"val_loss":1.1990629434585571,"lr":1e-05,"_timestamp":1.746517054849256e+09,"_runtime":24053.147265278,"_step":19,"_wandb":{"runtime":24054},"epoch":20,"train_loss":0.009024296376393192}