{"train_loss":0.09791480720395575,"val_loss":0.45910656948884326,"lr":4.9323063049743075e-05,"_wandb":{"runtime":2773},"_timestamp":1.7392611216112418e+09,"_runtime":2448.601631779,"_step":5,"epoch":6}