{"lr":0.00025643368987227126,"_timestamp":1.7443821648168545e+09,"_runtime":18046.931666422,"_step":52,"_wandb":{"runtime":18388},"epoch":53,"train_loss":0.006360239163041115,"val_loss":0.19062783817450205}