{"_step":7,"_wandb":{"runtime":2488},"epoch":8,"train_loss":0.03542726660894258,"val_loss":0.3478022962808609,"lr":0.0009755527298894296,"_timestamp":1.7435099340178847e+09,"_runtime":2462.028598422}