{"_step":0,"epoch":1,"train_loss":0.3179180699569935,"lr":0.001,"_timestamp":1.7364459171491666e+09,"_wandb":{"runtime":245},"_runtime":229.345133116}