{"epoch":11,"train_loss":0.6457591003875442,"val_loss":1.9862349778413773,"lr":0.0009541175153256283,"_timestamp":1.7437744523727677e+09,"_runtime":3371.578768949,"_wandb":{"runtime":3521},"_step":10}