{"epoch":80,"train_loss":0.00030826796129875374,"val_loss":0.2994527071714401,"lr":1e-06,"_timestamp":1.74394221041821e+09,"_wandb":{"runtime":25014},"_runtime":25013.854027965,"_step":79}