{"train_loss":0.02435434373420025,"_wandb":{"runtime":26209},"val_loss":0.017343859653919935,"lr":1e-05,"_timestamp":1.746262280393864e+09,"_runtime":26208.990148493,"_step":19,"epoch":20}