{"_step":79,"_wandb":{"runtime":27225},"epoch":80,"train_loss":0,"val_loss":0.22210527956485748,"lr":1e-06,"_timestamp":1.7443173299165664e+09,"_runtime":27224.800913652}