{"val_loss":NaN,"lr":1e-06,"_timestamp":1.7444998995275536e+09,"_runtime":33309.894147485,"_step":79,"epoch":80,"_wandb":{"runtime":33310},"train_loss":NaN}