{"epoch":48,"train_loss":0.03624127404047893,"val_loss":1.0064503699541092,"lr":0.00034614601130971415,"_timestamp":1.7401527157471611e+09,"_runtime":5767.811795112,"_step":47,"_wandb":{"runtime":5794}}