{"_timestamp":1.737624596628323e+09,"_runtime":58923.804822198,"_step":45,"_wandb":{"runtime":59289},"epoch":46,"train_loss":7.705902827650967e-05,"val_loss":0.5636824539899826,"lr":7.292951775803848e-06}