{"_runtime":10863.101282592,"_step":26,"epoch":27,"train_loss":2.0667683654630246e-05,"val_loss":0.8222019858658314,"_wandb":{"runtime":11106},"lr":4.4129946157200775e-05,"_timestamp":1.7395536318308136e+09}