{"lr":4.969836434458089e-05,"_wandb":{"runtime":1300},"_timestamp":1.739630186884464e+09,"_runtime":1226.908256329,"_step":5,"epoch":6,"train_loss":0.36968800602924257,"val_loss":2.451210528612137}