{"train_loss":2.2316704061296253,"val_loss":3.0562163591384888,"lr":0.0009996149036022412,"_timestamp":1.7434259500893958e+09,"_runtime":230.997112035,"_step":0,"epoch":1,"_wandb":{"runtime":375}}