{"_timestamp":1.7372808075690856e+09,"_runtime":68077.043014741,"_step":103,"epoch":104,"train_loss":0.004011781949575255,"val_loss":2.0007888916376473,"lr":0.0001,"_wandb":{"runtime":68399}}