{"_step":117,"_wandb":{"runtime":38742},"epoch":118,"train_loss":0.05241984967538651,"val_loss":1.3564200103282928,"lr":0.0001,"_timestamp":1.7368994848241599e+09,"_runtime":38485.452396079}