{"_runtime":12050.858809157,"_step":18,"_wandb":{"runtime":12308},"epoch":19,"train_loss":0.0454882164852003,"val_loss":0.12041985616087914,"lr":0.0006998591625252218,"_timestamp":1.745128665166436e+09}