{"lr":0.0009996149036022412,"_timestamp":1.7447747039577668e+09,"_wandb":{"runtime":445},"_runtime":349.116434144,"_step":0,"epoch":1,"train_loss":0.284029616131669,"val_loss":0.16938170790672302}