{"_timestamp":1.743770794050226e+09,"_runtime":6155.046202178,"_step":19,"_wandb":{"runtime":6425},"epoch":20,"train_loss":0.3012048423592814,"val_loss":0.3027263432741165,"lr":0.0008536998372026807}