{"_wandb":{"runtime":49886},"_runtime":48680.661641394,"_step":37,"epoch":38,"train_loss":0,"val_loss":0.7654650753024239,"lr":1.5534952244642903e-05,"_timestamp":1.7378228184175217e+09}