{"_step":36,"epoch":37,"train_loss":0.012635083537512155,"val_loss":0.11082372441887856,"lr":0.00019984012468387283,"_timestamp":1.7450568184218583e+09,"_wandb":{"runtime":23651},"_runtime":23613.972961424}