{"recall_10":0.023923444976076555,"recall_5_R":0.004784688995215311,"_wandb":{"runtime":46033},"lr_query":1e-05,"_step":120,"_timestamp":1.736319334900703e+09,"_runtime":46033.460281796,"recall_10_R":0.01674641148325359,"lr_common":1e-05,"recall_5":0.011961722488038277,"train_loss":0.20000110047375408,"epoch":120}