{"epoch":52,"train_loss":0,"_wandb":{"runtime":23095},"val_loss":0.4567931642134984,"lr":1.4377232756381109e-05,"_timestamp":1.7393549662458258e+09,"_runtime":22925.835181144,"_step":51}