{"epoch":29,"train_loss":0.05741443842767723,"val_loss":1.1975274880727131,"lr":3.549556045155884e-05,"_timestamp":1.7395422390849507e+09,"_runtime":5874.890583118,"_step":28,"_wandb":{"runtime":5944}}