{"_timestamp":1.739374363924053e+09,"_wandb":{"runtime":9077},"_runtime":8907.807574352,"_step":19,"epoch":20,"train_loss":0.024933095442727933,"val_loss":0.41118621329466504,"lr":4.282411613907042e-05}