{"train_loss":0.04918631812128542,"val_loss":0.10275837313383818,"lr":0.0006944282990207194,"_timestamp":1.7459160803319795e+09,"_wandb":{"runtime":9598},"_runtime":9579.146656164,"_step":14,"epoch":15}