{"_timestamp":1.7362198029374964e+09,"recall_5_R":0.020659124446630595,"lr_query":5e-06,"_runtime":37411.395598957,"recall_5":0.02164289227742253,"lr_common":5e-06,"_wandb":{"runtime":37411},"train_loss":0.20767046356709992,"epoch":300,"recall_10":0.04131824889326119,"_step":300,"recall_10_R":0.037383177570093455}