{"epoch":2,"train_loss":0.20683502735198311,"val_loss":0.6348615500991142,"lr":4.9863321289438414e-05,"_timestamp":1.7389078570267713e+09,"_runtime":3997.325848853,"_wandb":{"runtime":5685},"_step":1}