{"train_loss":0,"_wandb":{"runtime":46533},"val_loss":0.5361723926934329,"lr":1e-06,"_timestamp":1.742864679164014e+09,"_runtime":46531.836631459,"_step":79,"epoch":80}