{"_step":24,"epoch":25,"train_loss":0.04142665649793806,"val_loss":0.19521993150313696,"lr":0.0007780073313932917,"_wandb":{"runtime":8656},"_timestamp":1.7447213521823816e+09,"_runtime":8630.527775011}