{"train_loss":0.00042770395900372575,"_wandb":{"runtime":69069},"val_loss":0.538523358464241,"lr":3.4401241579647576e-06,"_timestamp":1.7376940331959069e+09,"_runtime":68984.297533163,"_step":45,"epoch":46}