{"lr":0.0007940987335200906,"_timestamp":1.7448988063608065e+09,"_wandb":{"runtime":8352},"_runtime":8291.657869799,"_step":23,"epoch":24,"train_loss":0.04365902663105064,"val_loss":0.15424850583076477}