{"epoch":5,"train_loss":0.156003035019551,"val_loss":0.33125875393549603,"lr":0.0009904022475614137,"_timestamp":1.7441821552585897e+09,"_runtime":1715.747991582,"_step":4,"_wandb":{"runtime":1871}}