{"_step":8,"epoch":9,"train_loss":0.09230967144702228,"val_loss":0.42810191959142685,"_wandb":{"runtime":7060},"lr":0.0009691265722932812,"_timestamp":1.7401103880226219e+09,"_runtime":6807.82732467}