{"lr":0.0007940987335200906,"_timestamp":1.7441724737656457e+09,"_wandb":{"runtime":7774},"_runtime":7535.425329979,"_step":23,"epoch":24,"train_loss":0.015275176642888088,"val_loss":0.3007984943687916}