{"_timestamp":1.74428555387043e+09,"_runtime":20786.544252818,"_step":60,"epoch":61,"_wandb":{"runtime":20828},"train_loss":0.00021394661494663784,"val_loss":0.18022214124600092,"lr":0.00013370590653687516}