{"_runtime":25935.458031184,"_step":19,"epoch":20,"train_loss":0.0321154524698732,"_wandb":{"runtime":25936},"val_loss":0.6126105785369873,"lr":1e-05,"_timestamp":1.7464660234296186e+09}