{"_step":49,"epoch":50,"train_loss":0.0014772163704037666,"val_loss":0.10548880882561207,"lr":5e-05,"_timestamp":1.7451678070754716e+09,"_runtime":31838.08488012,"_wandb":{"runtime":31838}}