{"val_loss":1.118328109383583,"lr":3.2504922412855075e-06,"_timestamp":1.7397787843623168e+09,"_runtime":14081.366291603,"_step":68,"epoch":69,"_wandb":{"runtime":14148},"train_loss":0}