{"val_loss":0.08740256913006306,"lr":1e-05,"_wandb":{"runtime":24843},"_timestamp":1.7461216602973006e+09,"_runtime":24842.034643749,"_step":29,"epoch":30,"train_loss":0.012872572276699409}