{"_timestamp":1.7466103129995303e+09,"_runtime":13638.811250469,"_step":19,"epoch":20,"train_loss":0.0024214577808808744,"_wandb":{"runtime":13639},"val_loss":0.38452865928411484,"lr":1e-05}