{"epoch":11,"train_loss":0.15263969442176242,"val_loss":0.9661651253700256,"_wandb":{"runtime":2640},"lr":4.7749507758714496e-05,"_timestamp":1.739516735691954e+09,"_runtime":2603.435660285,"_step":10}