{"_runtime":2929.652735797,"_wandb":{"runtime":3073},"_step":6,"epoch":7,"train_loss":0.16044230578920327,"val_loss":0.4997258434693019,"lr":4.908015329311436e-05,"_timestamp":1.739279465236715e+09}