{"_wandb":{"runtime":12842},"_runtime":12841.080848542,"_step":19,"epoch":20,"train_loss":0.14994194445571746,"val_loss":0.40105728060007095,"lr":1e-05,"_timestamp":1.7463067584765053e+09}