{"_runtime":14846.263760081,"_step":19,"epoch":20,"_wandb":{"runtime":14847},"train_loss":4.367413145772527e-05,"val_loss":0.14739897660911083,"lr":1e-05,"_timestamp":1.7465348884744213e+09}