{"_timestamp":1.7386495423463953e+09,"_runtime":8765.394935297,"_step":5,"_wandb":{"runtime":10217},"epoch":6,"train_loss":0.09182794161411073,"val_loss":0.8492712021777125,"lr":4.877886008156408e-05}