{"_wandb":{"runtime":12863},"epoch":20,"train_loss":0.021546441431188685,"val_loss":0.062173450365662575,"lr":0.00025075000000000016,"_timestamp":1.746086521584768e+09,"_runtime":12863.122473,"_step":19}