{"val_loss":0.31582292914390564,"lr":1e-06,"_timestamp":1.7436063055942771e+09,"_runtime":23818.281049669,"_wandb":{"runtime":23819},"_step":79,"epoch":80,"train_loss":0}