{"_wandb":{"runtime":3278},"_step":4,"epoch":5,"train_loss":0.11827895383450013,"val_loss":0.6527532339096069,"lr":4.952923936987914e-05,"_timestamp":1.7393649146341307e+09,"_runtime":3095.801265459}