{"train_loss":0.08790040415312562,"_wandb":{"runtime":2771},"val_loss":0.18788151443004608,"lr":0.0009755527298894296,"_timestamp":1.7447779795805528e+09,"_runtime":2744.804348385,"_step":7,"epoch":8}