{"train_loss":0.007489349583849457,"val_loss":2.456227485726519,"lr":0.0001,"_wandb":{"runtime":23501},"_timestamp":1.737072840181128e+09,"_runtime":23082.421391433,"_step":31,"epoch":32}