{"_timestamp":1.7396305783205202e+09,"_runtime":209.043061254,"_step":0,"epoch":1,"train_loss":9.229459366628102,"val_loss":9.859123945236206,"lr":4.9991604461901156e-05,"_wandb":{"runtime":388}}