{"_runtime":5715.465277462,"_step":12,"_wandb":{"runtime":5807},"epoch":13,"train_loss":0.016968993362316415,"lr":0.001,"_timestamp":1.736503389798514e+09}