{"lr":1e-05,"_wandb":{"runtime":12712},"_runtime":12712,"_timestamp":1.7567285379586906e+09,"_step":19,"epoch":20,"train_loss":0.03408810238883162,"val_loss":0.17291975021362305}