{"lr":0.0001,"_timestamp":1.737388598591032e+09,"_runtime":2548.163437342,"_step":5,"_wandb":{"runtime":2719},"epoch":6,"train_loss":0.33298194147882204,"val_loss":0.7693630001878226}