{"_runtime":2347.406131233,"_wandb":{"runtime":2359},"_step":102,"train":{"loss":0.13380780933718933,"active_triplets":44.18421052631579},"val":{"loss":0.15155629990132233,"active_triplets":33.23684210526316},"_timestamp":1.735878241646812e+09}