{"epoch":1,"train_loss":0.5144641868912619,"lr":0.001,"_timestamp":1.7364751455717008e+09,"_runtime":263.865492707,"_wandb":{"runtime":270},"_step":0}