{"train_loss":0.01576683593269151,"val_loss":0.008647092618048191,"lr":1e-05,"_timestamp":1.7491836299168372e+09,"_runtime":7507.275336328,"_step":19,"epoch":20,"_wandb":{"runtime":7508}}