{"val_loss":0.3183409497141838,"lr":0.0009938503261272714,"_wandb":{"runtime":1669},"_timestamp":1.7448901448466952e+09,"_runtime":1467.330891119,"_step":3,"epoch":4,"train_loss":0.26860033482464435}