{"epoch":79,"train_loss":NaN,"_wandb":{"runtime":22656},"lr":0.001,"_timestamp":1.736474350576138e+09,"_runtime":22656.185683022,"_step":78}