{"train_loss":NaN,"_wandb":{"runtime":27643},"val_loss":NaN,"lr":1e-06,"_timestamp":1.7447496463440201e+09,"_runtime":27641.664817247,"_step":79,"epoch":80}