{"train_loss":NaN,"val_loss":NaN,"lr":1e-06,"_timestamp":1.7445752069913385e+09,"_wandb":{"runtime":33680},"_runtime":33680.108273208,"_step":79,"epoch":80}