{"_timestamp":1.7389189264479952e+09,"_runtime":8374.976162929,"_step":4,"_wandb":{"runtime":8812},"epoch":5,"train_loss":0.023773595799541556,"val_loss":1.1429115939067631,"lr":4.9149849365912245e-05}