{"_wandb":{"runtime":1292},"_step":4,"train":{"loss":0.20000000300293588,"active_triplets":16.134078212290504},"val":{"loss":0.20000000056708872,"active_triplets":135.80566801619435},"_timestamp":1.7361426215562904e+09,"_runtime":1289.726458005}