{"train_loss":0.057226789403664935,"val_loss":0.10557506792247295,"lr":0.0008041979948389245,"_timestamp":1.7449722422747242e+09,"_runtime":9572.326758949,"_step":14,"epoch":15,"_wandb":{"runtime":10061}}