{"train_loss":0.20497230633592872,"lr_query":1e-05,"lr_common":1e-05,"_wandb":{"runtime":21871},"_timestamp":1.7362732642205834e+09,"_runtime":21867.23526101,"_step":155,"epoch":156}