{"_wandb":{"runtime":2715},"lr":4.687615217328354e-05,"_timestamp":1.7397815297835066e+09,"_runtime":2654.296754837,"_step":12,"epoch":13,"train_loss":0.03212992977727242,"val_loss":0.4513847529888153}