{"train_loss":0.1456009166446931,"_wandb":{"runtime":19282},"val_loss":0.24616925208624507,"lr":0.001,"_timestamp":1.7373843401664956e+09,"_runtime":17687.806584856,"_step":9,"epoch":10}