{"train_loss":0.11053607702614313,"val_loss":0.2724140818629946,"lr":0.000981246390608597,"_timestamp":1.743779143784833e+09,"_runtime":2078.853859446,"_step":6,"_wandb":{"runtime":2181},"epoch":7}