{"_step":17,"epoch":18,"train_loss":0.07064831199991795,"val_loss":2.8495002537965775,"lr":4.412994615720077e-05,"_timestamp":1.7428177328825085e+09,"_runtime":12737.12430336,"_wandb":{"runtime":13092}}