{"_timestamp":1.7443569029912508e+09,"_runtime":7458.277384683,"_step":21,"epoch":22,"train_loss":0.06673682634053486,"_wandb":{"runtime":7739},"val_loss":0.263363815844059,"lr":0.0008248993001409271}