{"lr":5e-05,"_timestamp":1.7374722695434446e+09,"_runtime":28251.420159485,"_step":22,"epoch":23,"train_loss":0.07660311502368414,"val_loss":0.3648735820860058,"_wandb":{"runtime":28867}}