{"_timestamp":1.7369902750025542e+09,"_runtime":36536.70089328,"_wandb":{"runtime":36611},"_step":110,"epoch":111,"train_loss":0.2046860691560692,"val_loss":3.330705630779266,"lr":0.001}