{"epoch":42,"_wandb":{"runtime":6709},"train_loss":0.006366902071496715,"val_loss":1.1291022698084514,"lr":2.3577752154667818e-05,"_timestamp":1.739723898848467e+09,"_runtime":6702.672502616,"_step":41}