{"_step":1,"epoch":2,"train_loss":0.38399919956134804,"val_loss":0.24967868626117706,"lr":0.000996254483124377,"_wandb":{"runtime":2050},"_timestamp":1.7449620559402964e+09,"_runtime":1539.698549648}