{"train_loss":0.0681603345620845,"_wandb":{"runtime":2958},"val_loss":0.3002797489364942,"lr":0.0009619778264893879,"_timestamp":1.7441760114088948e+09,"_runtime":2819.949120124,"_step":9,"epoch":10}