{"train_loss":0.5778195631527712,"_wandb":{"runtime":2325},"val_loss":2.827949325243632,"lr":4.7749507758714496e-05,"_timestamp":1.7398765369357862e+09,"_runtime":2252.932498321,"_step":10,"epoch":11}