{"_runtime":8389.401894833,"_wandb":{"runtime":8710},"_step":19,"epoch":20,"train_loss":0.04697298381980213,"val_loss":0.21994186768477614,"lr":0.0008536998372026807,"_timestamp":1.7444656745370696e+09}