{"val_loss":0.6942298882537418,"lr":3.891147731383908e-05,"_timestamp":1.739078735219281e+09,"_wandb":{"runtime":50009},"_runtime":49125.353579301,"_step":24,"epoch":25,"train_loss":0.0026483475634272963}