{"_wandb":{"runtime":32093},"epoch":20,"train_loss":0.08676958462952017,"val_loss":0.23094809222324142,"lr":6.561e-06,"_timestamp":1.7375103669760177e+09,"_runtime":31550.696883316,"_step":19}