{"lr":0.0008395609723937048,"_wandb":{"runtime":7257},"_timestamp":1.7443425405667033e+09,"_runtime":7161.447953412,"_step":20,"epoch":21,"train_loss":0.0477812701304044,"val_loss":0.1805433432261149}