{"lr":1e-06,"_timestamp":1.744844218872008e+09,"_runtime":28964.608148967,"_wandb":{"runtime":28966},"_step":79,"epoch":80,"train_loss":0.00047429425991731244,"val_loss":0.2327583208680153}