{"_step":11,"epoch":12,"train_loss":0.2698526229915673,"val_loss":0.8158922438941351,"lr":0.0001,"_wandb":{"runtime":6096},"_timestamp":1.737028683127347e+09,"_runtime":5643.195799124}