{"train_loss":0.2027861671233029,"val_loss":0.20009304396808147,"lr":0.001,"_wandb":{"runtime":9686},"_timestamp":1.7373648984220068e+09,"_runtime":9280.040903041,"_step":11,"epoch":12}