{"_step":1,"epoch":2,"train_loss":0.2601593312408243,"val_loss":0.21003174781799316,"lr":0.0009984602081996976,"_wandb":{"runtime":938},"_timestamp":1.7447787229231045e+09,"_runtime":699.278917014}