{"_timestamp":1.74550631538806e+09,"_runtime":32008.708040679,"_step":49,"epoch":50,"train_loss":0.0013637156853598825,"_wandb":{"runtime":32009},"val_loss":0.09702934045344591,"lr":5e-05}