{"_timestamp":1.7359699581011758e+09,"_wandb":{"runtime":47435},"val":{"loss":0.19999999964867182,"active_triplets":136.3617886178862},"_step":200,"train":{"loss":0.2000000029953911,"active_triplets":16.14089521871821},"recall_5_R":0.010821446138711265,"recall_10":0.023118544023610427,"recall_10_R":0.023118544023610427,"recall_5":0.010821446138711265,"_runtime":47435.571562473}