{"train_loss":0.9999007840367491,"lr_query":0.0005,"_wandb":{"runtime":25317},"lr_common":0.0005,"_timestamp":1.7363781533442261e+09,"_runtime":24923.833332338,"_step":41,"epoch":42}