{"_timestamp":1.7395204108106468e+09,"_runtime":3488.007644241,"_step":7,"epoch":8,"train_loss":0.14793147707564963,"val_loss":0.6723546981811523,"lr":4.880088464923127e-05,"_wandb":{"runtime":3865}}