{"val_loss":1.3082229104535332,"lr":0.001,"_timestamp":1.7370490851738153e+09,"_runtime":2198.245490454,"_step":3,"epoch":4,"train_loss":0.5051646812576546,"_wandb":{"runtime":2725}}