{"_step":3,"epoch":4,"_wandb":{"runtime":796},"train_loss":1.0000009991909404,"lr_query":0.001,"lr_common":0.001,"_timestamp":1.7363955977596505e+09,"_runtime":762.071493296}