{"_wandb":{"runtime":83373},"train_loss":0.011420513425194631,"lr":0.0001,"_timestamp":1.7368594105330567e+09,"_runtime":82958.336203379,"_step":65,"epoch":66}