{"_timestamp":1.744942875866639e+09,"_runtime":1298.686419978,"_step":1,"_wandb":{"runtime":1342},"epoch":2,"train_loss":0.19999582678210892,"val_loss":0.15952051927646002,"lr":0.000996254483124377}