{"_step":20,"epoch":21,"train_loss":0.043804463048810874,"_wandb":{"runtime":13747},"val_loss":0.10017932020127773,"lr":0.0006431276964033057,"_timestamp":1.7449902858026369e+09,"_runtime":13478.628923715}