{"_step":3,"epoch":4,"train_loss":0.11290627620560495,"val_loss":0.40499659289013257,"lr":4.969836434458087e-05,"_timestamp":1.7393819946759462e+09,"_runtime":2262.969363541,"_wandb":{"runtime":2506}}