{"_runtime":4100.481321893,"_step":11,"epoch":12,"train_loss":0.06982631683349609,"val_loss":0.197089617451032,"lr":0.0009455577588320899,"_wandb":{"runtime":4197},"_timestamp":1.7442897065929022e+09}