{"_timestamp":1.7396173469704168e+09,"_runtime":10337.189953302,"_step":25,"epoch":26,"train_loss":0.0024185902273594424,"_wandb":{"runtime":10404},"val_loss":1.1844110935926437,"lr":4.45400760556958e-05}