{"epoch":5,"train_loss":0.20552566454217241,"val_loss":0.4082012126843135,"lr":4.952923936987914e-05,"_wandb":{"runtime":2636},"_timestamp":1.7393575997553759e+09,"_runtime":2456.276502008,"_step":4}