{"_timestamp":1.737537304058069e+09,"_runtime":25785.404833416,"_step":20,"epoch":21,"train_loss":0.008759425124535425,"val_loss":0.31043381166869194,"_wandb":{"runtime":26854},"lr":2.5342610810227652e-05}