{"_runtime":58203.215780549,"_wandb":{"runtime":58556},"_step":36,"epoch":37,"train_loss":0,"val_loss":0.6433256193995476,"lr":1.610871965884475e-05,"_timestamp":1.738895810877318e+09}