{"train_loss":0.3591417854413008,"lr":0.001,"_timestamp":1.7365056308170574e+09,"_wandb":{"runtime":2047},"_runtime":1178.543625391,"_step":0,"epoch":1}