{"_runtime":643,"_timestamp":1.7567067372228348e+09,"_step":0,"epoch":1,"train_loss":0.2804291443376059,"val_loss":0.2489440143108368,"lr":0.0009939057285945933,"_wandb":{"runtime":643}}