{"_wandb":{"runtime":5084},"epoch":9,"train_loss":0.048178282865225824,"val_loss":0.8641017824411392,"lr":4.848568773010087e-05,"_timestamp":1.739513399672793e+09,"_runtime":4689.742217084,"_step":8}