{"_timestamp":1.743776771003254e+09,"_runtime":2138.475658493,"_step":6,"_wandb":{"runtime":2395},"epoch":7,"train_loss":0.8957032949337499,"val_loss":2.3511036038398743,"lr":0.000981246390608597}