{"lr":0.0001,"_timestamp":1.7369533785844486e+09,"_wandb":{"runtime":25270},"_runtime":24991.739755092,"_step":72,"epoch":73,"train_loss":0.09948491833295184,"val_loss":0.790162467956543}