{"_step":19,"epoch":20,"_wandb":{"runtime":13242},"train_loss":0.023325728137422813,"val_loss":0.14259504526853561,"lr":1e-05,"_timestamp":1.7462759912489583e+09,"_runtime":13241.143209465}