{"epoch":55,"train_loss":0.003387191810087109,"val_loss":0.21311881867322055,"lr":2.2999273465529702e-05,"_timestamp":1.7446315823984532e+09,"_runtime":23035.624486362,"_step":54,"_wandb":{"runtime":23397}}