{"epoch":80,"_wandb":{"runtime":24969},"train_loss":1.771282750337862,"val_loss":1.9388331472873688,"lr":1e-06,"_timestamp":1.744043202509092e+09,"_runtime":24968.56274783,"_step":79}