{"_timestamp":1.744779913443069e+09,"_runtime":703.557244993,"_step":1,"epoch":2,"train_loss":0.23053529556574567,"val_loss":0.5819495717684428,"lr":0.0009984602081996976,"_wandb":{"runtime":761}}