{"_timestamp":1.738748199926976e+09,"_wandb":{"runtime":25822},"_runtime":25096.966982573,"_step":22,"epoch":23,"train_loss":0.04713964692371733,"val_loss":0.5428375644665776,"lr":3.399128034115524e-05}