{"epoch":13,"train_loss":0.030496468345703364,"val_loss":1.1511772274971008,"lr":9.741886709914802e-06,"_timestamp":1.7396286241774561e+09,"_runtime":10883.013456146,"_wandb":{"runtime":10966},"_step":12}