{"lr":1.978058858553033e-05,"_timestamp":1.7395347888550224e+09,"_runtime":9204.929883255,"_step":45,"epoch":46,"train_loss":0,"val_loss":1.1049409707387288,"_wandb":{"runtime":9257}}