{"lr_query":0.001,"lr_common":0.001,"_wandb":{"runtime":1047},"_timestamp":1.7363979295102448e+09,"_runtime":948.481921302,"_step":4,"epoch":5,"train_loss":0.20000024881330583}