{"train_loss":0.00015547009659748451,"val_loss":0.9575252052057873,"lr":1e-07,"_wandb":{"runtime":65064},"_timestamp":1.738716209091755e+09,"_runtime":65063.965562597,"_step":59,"epoch":60}