{"_timestamp":1.7466416817457874e+09,"_runtime":12814.379227776,"_wandb":{"runtime":12815},"_step":19,"epoch":20,"train_loss":0.0016658456389153941,"val_loss":0.8320433348417282,"lr":1e-05}