{"_runtime":207.158223911,"_step":0,"epoch":1,"train_loss":2.0420860165641423,"val_loss":2.1758970419565835,"lr":4.998111138789771e-05,"_wandb":{"runtime":387},"_timestamp":1.7398688680987175e+09}