{"_wandb":{"runtime":8502},"epoch":27,"train_loss":0.26281519702981027,"val_loss":0.3822224639557503,"lr":1e-05,"_timestamp":1.7374307806460392e+09,"_runtime":8274.821830649,"_step":26}