{"lr":0.001,"_timestamp":1.7364507514838634e+09,"_runtime":1763.456109286,"_step":5,"_wandb":{"runtime":1807},"epoch":6,"train_loss":NaN}