{"epoch":11,"train_loss":0.04348588368759073,"val_loss":0.42402339975039166,"lr":4.7749507758714496e-05,"_timestamp":1.7392671415674548e+09,"_runtime":5562.627214833,"_step":10,"_wandb":{"runtime":6014}}