{"_wandb":{"runtime":29739},"lr":1e-07,"_timestamp":1.738581535854028e+09,"_runtime":29739.878835666,"_step":29,"epoch":30,"train_loss":0.002798224593463697,"val_loss":0.6264806291774699}