{"epoch":41,"train_loss":0.004262720886380921,"val_loss":0.5567389614880085,"lr":2.4538134513902842e-05,"_wandb":{"runtime":31143},"_timestamp":1.7401419996571953e+09,"_runtime":30745.833085165,"_step":40}