{"val_loss":0.3474298492074013,"lr":5.0524621993221786e-05,"_wandb":{"runtime":4313},"_timestamp":1.7397859112058108e+09,"_runtime":4311.040707051,"_step":20,"epoch":21,"train_loss":0.007256512807663342}