{"train_loss":0.02329970250866801,"val_loss":1.303479172123803,"lr":4.992308747664154e-05,"_timestamp":1.739093010454141e+09,"_runtime":11042.526711155,"_wandb":{"runtime":12165},"_step":1,"epoch":2}