{"train_loss":0.09982651889191142,"val_loss":0.7959170991466159,"lr":0.000989074892986866,"_timestamp":1.7389311078685675e+09,"_runtime":6048.349006728,"_step":3,"_wandb":{"runtime":6286},"epoch":4}