{"_timestamp":1.7418429384938672e+09,"_runtime":1341.820251953,"_step":1,"epoch":2,"train_loss":0.1896614670070983,"val_loss":0,"lr":0.0009984602081996976,"_wandb":{"runtime":1814}}