{"_step":0,"epoch":1,"_wandb":{"runtime":1936},"train_loss":0.181390988022089,"lr":0.001,"_timestamp":1.7367430618250597e+09,"_runtime":1417.339430568}