{"val_loss":0.5137105454569277,"lr":4.9520592746060595e-05,"_timestamp":1.739026507326689e+09,"_runtime":4380.540523123,"_wandb":{"runtime":4653},"_step":4,"epoch":5,"train_loss":0.059130269006458056}