{"lr":4.848568773010087e-05,"_timestamp":1.7398683505672927e+09,"_runtime":6770.793728316,"_step":8,"epoch":9,"train_loss":0.302077434919111,"_wandb":{"runtime":6904},"val_loss":1.6758019141852856}