{"_wandb":{"runtime":1962},"epoch":10,"train_loss":0.1785734438282602,"val_loss":0.4894031087557475,"lr":0.0001,"_timestamp":1.7374332751658483e+09,"_runtime":1835.026873057,"_step":9}