{"val_loss":0.7974587346774986,"lr":2.5050000000000006e-05,"_timestamp":1.7379073498901365e+09,"_wandb":{"runtime":22100},"_runtime":20902.967094385,"_step":14,"epoch":15,"train_loss":0.004868476539740019}