{"epoch":12,"train_loss":0.0682260691230133,"_wandb":{"runtime":7851},"val_loss":0.12955446913838387,"lr":0.0008780358823396346,"_timestamp":1.7459063063868022e+09,"_runtime":7693.82007105,"_step":11}