{"_timestamp":1.7447878575858183e+09,"_runtime":371.032980169,"_step":0,"epoch":1,"train_loss":0.39427702227219713,"val_loss":0.7073290199041367,"_wandb":{"runtime":416},"lr":9.996183729391579e-05}