{"epoch":14,"train_loss":0.07077876835834557,"val_loss":0.17028561979532242,"lr":0.0009263937620948693,"_timestamp":1.7447866645438497e+09,"_runtime":5272.388167159,"_step":13,"_wandb":{"runtime":5510}}