{"_runtime":12670.81945393,"_step":53,"train":{"active_triplets":16.12963904422979,"loss":0.1070556066661361},"val":{"loss":0.10532677414928854,"active_triplets":135.417004048583},"_wandb":{"runtime":12883},"_timestamp":1.7359217072013104e+09}