{"_step":30,"epoch":31,"train_loss":0.15132473242752578,"_wandb":{"runtime":17515},"val_loss":0.909095216481412,"lr":0.0001,"_timestamp":1.7370464601032934e+09,"_runtime":17254.625166566}