{"lr":0.0009903936009375953,"_timestamp":1.7389473177699645e+09,"_runtime":3796.040590828,"_step":4,"_wandb":{"runtime":3838},"epoch":5,"train_loss":0.1835850368332432,"val_loss":0.21532119924113863}