{"_step":2,"_wandb":{"runtime":1779},"epoch":3,"train_loss":0.25272189098993475,"val_loss":0.4617163836956024,"lr":4.9830177195395695e-05,"_timestamp":1.7395046449717684e+09,"_runtime":1479.450813924}