{"lr":4.9830177195395695e-05,"_timestamp":1.7393790907309659e+09,"_runtime":2027.758476783,"_step":2,"_wandb":{"runtime":2556},"epoch":3,"train_loss":0.1240643036266989,"val_loss":0.5363851189613342}