{"_step":4,"epoch":5,"_wandb":{"runtime":1616},"train_loss":0.07101419187732382,"val_loss":0.36071649193763733,"lr":0.0009904022475614137,"_timestamp":1.7399280396857977e+09,"_runtime":1562.917972}