{"_step":19,"epoch":20,"train_loss":0.05033584652542412,"val_loss":0.08245418515677254,"lr":0.0006717830723280998,"_timestamp":1.744955931794526e+09,"_runtime":12910.343728136,"_wandb":{"runtime":13218}}