{"val_loss":0.31004611120141784,"lr":5e-05,"_timestamp":1.7374771802099462e+09,"_runtime":3270.408949497,"_step":1,"epoch":2,"train_loss":0.28082619135599285,"_wandb":{"runtime":4703}}