{"val_loss":1.8746094331145287,"lr":0.0009363117555328624,"_timestamp":1.743478096736832e+09,"_runtime":5579.136136099,"_step":12,"epoch":13,"_wandb":{"runtime":5963},"train_loss":0.029548760219878956}