{"epoch":50,"train_loss":0.003387443360276102,"val_loss":0.11373561434447765,"lr":5e-05,"_timestamp":1.7450223720764549e+09,"_runtime":31805.770721195,"_step":49,"_wandb":{"runtime":31806}}