{"train_loss":0.026939461926451407,"val_loss":0,"_wandb":{"runtime":7869},"lr":1e-05,"_timestamp":1.7461963579840035e+09,"_runtime":7868.667754111,"_step":19,"epoch":20}