{"_runtime":5665.243567406,"_step":8,"epoch":9,"train_loss":0.01014930039407715,"val_loss":0.9448337663303722,"lr":4.932306304974309e-05,"_wandb":{"runtime":5861},"_timestamp":1.7396376963435502e+09}