{"epoch":20,"train_loss":0.021254938116736625,"val_loss":0.01643029134720564,"lr":1e-05,"_timestamp":1.746232980139535e+09,"_runtime":26533.477833762,"_step":19,"_wandb":{"runtime":26534}}