{"_wandb":{"runtime":587},"_step":1,"epoch":2,"train_loss":0.4215058009616438,"lr":0.001,"_timestamp":1.7364513805224984e+09,"_runtime":579.268275935}