{"_timestamp":1.7397167533776183e+09,"_runtime":5289.310060566,"_step":25,"_wandb":{"runtime":5486},"epoch":26,"train_loss":0.009913159859558892,"val_loss":1.1985026200612385,"lr":3.830121483554075e-05}