{"train_loss":0.002746406841922451,"_wandb":{"runtime":8851},"val_loss":0.6206059058507284,"lr":4.213061826555708e-05,"_timestamp":1.7392762518582034e+09,"_runtime":8582.295525241,"_step":20,"epoch":21}