{"epoch":80,"_wandb":{"runtime":23897},"train_loss":0,"val_loss":0.31911235621997286,"lr":1e-06,"_timestamp":1.7435341147165596e+09,"_runtime":23896.546115012,"_step":79}