{"_timestamp":1.7465533521861978e+09,"_runtime":13380.802992607,"_step":19,"epoch":20,"_wandb":{"runtime":13381},"train_loss":0.000691826099862799,"val_loss":0.1044965073466301,"lr":1e-05}