{"_runtime":655,"lr":0.0009939057285945933,"_timestamp":1.7567049974219873e+09,"_step":0,"epoch":1,"train_loss":0.2787789111690862,"val_loss":0.28429556638002396,"_wandb":{"runtime":655}}