{"_step":4,"epoch":5,"train_loss":0.12631781533819988,"val_loss":0.10582354788978894,"lr":0.0009767518452401976,"_wandb":{"runtime":3586},"_timestamp":1.7449410637978976e+09,"_runtime":3305.695793236}