{"_wandb":{"runtime":57980},"epoch":104,"train_loss":0.003746185280861111,"val_loss":1.4412504937499762,"lr":0.0001,"_timestamp":1.7373389562915924e+09,"_runtime":57573.829035222,"_step":103}