{"epoch":80,"_wandb":{"runtime":33038},"train_loss":0,"val_loss":0.5659371018409729,"lr":1e-06,"_timestamp":1.7434592110263605e+09,"_runtime":33037.935435856,"_step":79}