{"_step":1,"epoch":2,"train_loss":0.6163996827596699,"val_loss":0.8626619794152,"lr":0.0009984602081996976,"_timestamp":1.7434254067407045e+09,"_wandb":{"runtime":1396},"_runtime":1114.427709492}