{"_timestamp":1.7361754465480163e+09,"_runtime":15451.105776048,"_step":119,"epoch":120,"train_loss":0.2151410195189036,"_wandb":{"runtime":15451},"lr_query":0.0001,"lr_common":0.0001}