{"_step":120,"_timestamp":1.7358816062978656e+09,"recall_10":0.9808612440191388,"_wandb":{"runtime":2922},"train":{"active_triplets":46.526315789473685,"loss":0.13325833254738859},"recall_5":0.9401913875598086,"val":{"active_triplets":32.44736842105263,"loss":0.14705442088214973},"recall_10_R":0.9832535885167464,"_runtime":2922.224759923,"recall_5_R":0.9449760765550239}