{"val_loss":1.1444783806800842,"lr":4.9464616217978255e-05,"_timestamp":1.739557115521887e+09,"_runtime":3227.839789328,"_wandb":{"runtime":3357},"_step":7,"epoch":8,"train_loss":0.023307726694847725}