{"_runtime":37128.541786219,"_step":56,"epoch":57,"train_loss":0.0006026347180098164,"val_loss":0.09377924352884293,"_wandb":{"runtime":37342},"lr":9.520715007864049e-05,"_timestamp":1.7449361390031893e+09}