{"epoch":50,"train_loss":4.9197791956594864e-05,"_wandb":{"runtime":31876},"val_loss":0.11039206633965175,"lr":5e-05,"_timestamp":1.745452060524464e+09,"_runtime":31876.094174483,"_step":49}