{"train_loss":1.50874100466992,"lr":0.001,"_wandb":{"runtime":523},"_timestamp":1.7364943432790332e+09,"_runtime":433.55454009,"_step":0,"epoch":1}