{"val_loss":0.41544828191399574,"lr":0.0009904022475614137,"_timestamp":1.7438333638329005e+09,"_runtime":3962.830731266,"_wandb":{"runtime":4475},"_step":4,"epoch":5,"train_loss":0.3772326766989613}