{"val_loss":8.851608514785767,"lr":4.9991604461901156e-05,"_timestamp":1.7396309761195486e+09,"_runtime":211.716641848,"_step":0,"epoch":1,"_wandb":{"runtime":248},"train_loss":7.836208079542432}