{"_wandb":{"runtime":5241},"train_loss":0.012789965474179812,"val_loss":1.0902652144432068,"lr":7.780073313932915e-05,"_timestamp":1.7397019459693398e+09,"_runtime":5084.801972818,"_step":24,"epoch":25}