{"val_loss":0.12433995120227337,"_wandb":{"runtime":6945},"_runtime":6945,"lr":0.000427564939805086,"_timestamp":1.7567142530688744e+09,"_step":10,"epoch":11,"train_loss":0.059878026140497975}