{"_runtime":3796.413182733,"_step":15,"_wandb":{"runtime":3894},"train":{"loss":0.20000000298023224,"active_triplets":16.140243902439025},"val":{"loss":0.19999999948117414,"active_triplets":135.93927125506073},"_timestamp":1.7359017746814184e+09}