{"epoch":20,"train_loss":0.021814341968072967,"val_loss":0.0820129968225956,"lr":1e-05,"_timestamp":1.748615105299495e+09,"_wandb":{"runtime":13423},"_runtime":13422.622586851,"_step":19}