{"epoch":20,"_wandb":{"runtime":12785},"train_loss":0.020127713423892017,"val_loss":0.0653907423838973,"lr":1e-05,"_timestamp":1.7459289037814267e+09,"_runtime":12784.59332846,"_step":19}