{"_runtime":3389.588388315,"_step":14,"epoch":15,"train_loss":0.002001355392764313,"val_loss":1.1267662644386292,"_wandb":{"runtime":3587},"lr":0.0009158190713451217,"_timestamp":1.7398801019206805e+09}