{"_runtime":2000.64976609,"_step":2,"_wandb":{"runtime":2386},"epoch":3,"train_loss":0.1476632867378133,"val_loss":0,"lr":4.9830177195395695e-05,"_timestamp":1.741850528171713e+09}