{"_wandb":{"runtime":32203},"_timestamp":1.7374212247825375e+09,"_runtime":31928.723020232,"_step":77,"epoch":78,"train_loss":0.027279577552945466,"val_loss":0.4214777413834917,"lr":5e-05}