{"_runtime":1128.577588219,"_step":7,"epoch":8,"train_loss":0.20655385335517484,"_wandb":{"runtime":1247},"val_loss":0.5306211328133941,"lr":4.880088464923127e-05,"_timestamp":1.7392584899071438e+09}