{"lr":1e-05,"_timestamp":1.7466794108182635e+09,"_runtime":12685.879918069,"_step":19,"_wandb":{"runtime":12686},"epoch":20,"train_loss":0.0006640998834974311,"val_loss":0.18492029048502445}