{"_wandb":{"runtime":7741},"train_loss":0.01556000584969297,"val_loss":0.054234371054917574,"lr":1e-05,"_timestamp":1.7462062421147807e+09,"_runtime":7740.984108628,"_step":19,"epoch":20}