{"_step":19,"epoch":20,"train_loss":0.014395393493871849,"val_loss":0.029555022716522217,"lr":1e-05,"_wandb":{"runtime":7695},"_timestamp":1.7491465887899122e+09,"_runtime":7694.218702376}