{"_step":3,"_wandb":{"runtime":820},"epoch":4,"train_loss":0.20000000604033508,"lr_query":0.001,"lr_common":0.001,"_timestamp":1.7363991751548173e+09,"_runtime":757.19460643}