{"_runtime":1475.382210473,"_step":11,"epoch":12,"train_loss":0.6405200677422377,"val_loss":1.7826143205165863,"lr":0.0009455577588320899,"_wandb":{"runtime":1591},"_timestamp":1.740155831020344e+09}