{"lr":5e-05,"_timestamp":1.737439865222191e+09,"_runtime":6454.860928972,"_step":35,"epoch":36,"train_loss":0.08438222219838816,"val_loss":0.2756909392774105,"_wandb":{"runtime":6607}}