{"lr_common":0.0001,"_timestamp":1.7363964104182034e+09,"_runtime":755.664389304,"_step":3,"_wandb":{"runtime":822},"epoch":4,"train_loss":0.21547977683617342,"lr_query":0.0001}