{"lr_common":0.001,"_timestamp":1.7361597158642037e+09,"_runtime":985.181227941,"_step":6,"epoch":7,"train_loss":0.20143811883282486,"_wandb":{"runtime":988},"lr_query":0.001}