{"_wandb":{"runtime":5064},"epoch":10,"train_loss":0.02820000347174421,"val_loss":0.3268570833735996,"lr":4.8135048546526525e-05,"_timestamp":1.739257284981036e+09,"_runtime":5010.385844565,"_step":9}