{"_timestamp":1.7364976112006497e+09,"_runtime":3091.707538525,"_step":6,"_wandb":{"runtime":3102},"epoch":7,"train_loss":0.2125960130336856,"lr":0.001}