{"_step":79,"_wandb":{"runtime":65087},"epoch":80,"train_loss":0.0003632917586300108,"val_loss":0.7213175866914832,"lr":1e-07,"_timestamp":1.7390132921730418e+09,"_runtime":65087.604009531}