{"_wandb":{"runtime":18189},"lr":0.001,"_timestamp":1.7370228207762866e+09,"_runtime":18001.02506754,"_step":51,"epoch":52,"train_loss":0.15735028684324773,"val_loss":0.9283573567867279}