{"_wandb":{"runtime":10731},"_step":26,"epoch":27,"train_loss":0.0008693845744060381,"val_loss":0.2865242063999176,"lr":0.0007445663101277294,"_timestamp":1.7434239140302966e+09,"_runtime":10574.759345773}