{"val_loss":1.89272803068161,"lr":0.0009619778264893879,"_timestamp":1.7437634588340335e+09,"_runtime":3298.266080868,"_step":9,"epoch":10,"train_loss":0.6876562105368842,"_wandb":{"runtime":3477}}