{"epoch":28,"train_loss":0.012997225604274056,"val_loss":0.5344889611005783,"lr":0.0007272682546199039,"_timestamp":1.7399357231531274e+09,"_wandb":{"runtime":6407},"_runtime":6327.353364033,"_step":27}