{"train_loss":0.08914900093028942,"val_loss":0.535079151391983,"lr":4.908015329311436e-05,"_wandb":{"runtime":3677},"_timestamp":1.739508380912456e+09,"_runtime":3426.597952255,"_step":6,"epoch":7}