{"train_loss":0.24512222529270908,"val_loss":0.14190459357840673,"lr":0.0008909937903184995,"_timestamp":1.745404373368227e+09,"_runtime":7163.209802434,"_step":10,"epoch":11,"_wandb":{"runtime":7519}}