{"lr":3.27599740096556e-05,"_timestamp":1.7378854456843724e+09,"_runtime":60916.871498259,"_step":47,"epoch":48,"_wandb":{"runtime":61408},"train_loss":0.011478356154534616,"val_loss":0.6063967664849084}