{"_timestamp":1.7358908782782652e+09,"_wandb":{"runtime":10747},"_runtime":10747.432626409,"_step":119,"train":{"loss":0.16360630490529685,"active_triplets":132.2283950617284},"val":{"loss":0.16495943905934235,"active_triplets":107.37423312883436}}