{"_runtime":39472.710597757,"_step":79,"_wandb":{"runtime":39473},"epoch":80,"train_loss":0,"val_loss":0,"lr":1e-06,"_timestamp":1.7418217769053364e+09}