{"train_loss":0.6561802983886064,"val_loss":2.548271894454956,"lr":0.0009691265722932812,"_timestamp":1.740103139637789e+09,"_runtime":1840.230714284,"_step":8,"_wandb":{"runtime":1900},"epoch":9}