{"_timestamp":1.7365251348116848e+09,"_runtime":18623.993844872,"_step":15,"_wandb":{"runtime":19184},"epoch":16,"train_loss":0.0009589229638759906,"lr":0.0001}