{"lr":4.56910916212394e-05,"_wandb":{"runtime":4718},"_timestamp":1.73969672863023e+09,"_runtime":4661.95083064,"_step":22,"epoch":23,"train_loss":0.021327813821179525,"val_loss":1.259555180867513}