{"train":{"loss":0.22623113227811287,"active_triplets":16.120934959349594},"_wandb":{"runtime":255},"val":{"loss":0.20000015543057367,"active_triplets":135.88663967611336},"_timestamp":1.7359222038047874e+09,"_runtime":242.419240246,"_step":0}