{"train_loss":0.01836753398593929,"val_loss":0.4657556613286336,"lr":4.952923936987914e-05,"_timestamp":1.7398737576772068e+09,"_runtime":1114.638836967,"_wandb":{"runtime":1257},"_step":4,"epoch":5}