{"_timestamp":1.7399291890212033e+09,"_wandb":{"runtime":539},"_runtime":479.433714739,"_step":1,"epoch":2,"train_loss":0.1797633786507026,"val_loss":0.44919056445360184,"lr":4.9924474676461635e-05}