{"val_loss":0.7548494907942686,"lr":1.410254764683115e-06,"_wandb":{"runtime":54108},"_timestamp":1.7396916007911825e+09,"_runtime":53686.992833067,"_step":112,"epoch":113,"train_loss":0}