{"train_loss":0,"val_loss":0.17400896549224854,"lr":1e-06,"_timestamp":1.744209758982008e+09,"_runtime":27364.919835825,"_step":79,"epoch":80,"_wandb":{"runtime":27365}}