{"_step":7,"_wandb":{"runtime":2809},"epoch":8,"train_loss":0.22336271639381136,"val_loss":0.3733485738436381,"lr":0.0009755527298894296,"_timestamp":1.7441802021801507e+09,"_runtime":2733.004370466}