{"_runtime":12875.743063982,"_step":19,"epoch":20,"train_loss":0.06852912902126485,"val_loss":0.11632249255975087,"lr":0.0006717830723280998,"_timestamp":1.7454190053035538e+09,"_wandb":{"runtime":13456}}